学号,选择题1-10,填空题11-16,17,18,19,20,21,22,23,24,25,26,27,总分
0,20,12,6,6,6,6,6,6,6,6,6,7,7,100
3130001114,8,0,3,0,0,1,1,0,0,0,0,3,3,19
3131000113,0,1,0,0,2,0,0,0,0,1,0,0,0,4
3131000542,8,1,0,0,0,2,1,0,0,0,0,3,3,18
4140001106,10,4,0,0,5,0,1,0,0,0,0,5,3,28
4140001129,4,0,0,0,3,0,0,0,0,0,0,0,0,7
4140002125,8,7,3,6,6,2,5,2,4,0,0,4,0,47
4141000120,10,2,0,0,0,0,0,0,0,0,0,3,3,18
4141000138,6,0,0,0,0,0,0,0,0,0,0,0,3,9
4141000139,0,0,0,0,6,0,0,0,0,0,0,0,0,6
4141000801,8,2,0,0,0,0,1,0,0,0,0,0,3,14
4141000907,8,0,0,1,4,0,2,0,0,0,0,3,3,21
4141441120,6,4,3,2,6,0,3,0,6,0,0,3,3,36
5150002110,12,6,1,4,6,5,4,4,4,2,0,3,0,51
5150002112,12,4,0,6,6,5,3,6,6,5,6,3,3,65
5150002125,16,4,6,4,5,6,6,5,6,2,5,0,3,68
5151000639,2,0,0,0,0,0,0,0,0,0,0,0,0,2
5151000825,8,6,0,2,2,0,0,0,0,0,0,5,0,23
1551000201,16,8,0,0,0,0,0,0,0,0,0,0,0,24
6160001119,10,2,0,0,0,0,0,1,0,0,0,0,3,16
6161441128,12,6,0,6,6,1,5,0,3,2,0,7,3,51
7170001101,18,10,6,5,6,5,6,6,6,3,6,7,3,87
7170001102,10,3,5,0,5,0,6,1,4,4,0,0,3,41
7170001103,20,12,6,6,6,6,6,6,6,6,6,7,7,100
7170001104,14,9,1,0,6,6,3,3,5,2,0,3,3,55
7170001105,12,9,0,6,6,0,5,3,5,5,1,3,3,58
7170001106,10,4,4,0,6,0,6,4,0,0,0,7,3,44
7170001107,18,6,0,6,6,1,3,1,4,6,0,3,3,57
7170001108,18,12,6,6,6,3,5,6,4,6,1,0,7,80
7170001109,18,2,5,0,0,6,6,0,3,0,0,3,3,46
7170001110,20,12,6,6,5,6,6,6,6,6,6,7,7,99
7170001111,10,8,5,5,3,6,6,3,6,5,0,3,3,63
7170001112,12,6,6,6,6,6,3,4,5,2,0,3,6,65
7170001113,18,12,6,6,6,3,6,3,6,3,0,7,4,80
7170001114,16,7,4,2,6,6,6,5,4,2,1,7,4,70
7170001115,14,3,5,5,5,2,5,6,3,6,0,4,3,61
7170001116,20,12,6,6,6,5,6,5,6,5,5,3,3,88
7170001117,8,4,5,1,5,0,0,0,0,0,0,0,3,26
7170001118,18,6,6,6,6,6,3,3,6,2,0,7,0,69
7170001119,10,0,0,4,5,0,2,0,0,0,0,3,3,27
7170001120,12,3,5,0,5,5,0,0,3,3,0,4,3,43
7170001121,16,8,6,6,6,6,4,4,3,6,0,7,0,72
7170001122,14,10,6,6,6,4,6,4,5,5,6,3,3,78
7170001123,14,0,0,0,0,1,1,0,4,2,0,3,3,28
7170001124,18,7,6,4,6,6,6,1,5,5,0,3,3,70
7170001125,16,5,6,6,3,2,3,0,4,0,0,0,3,48
7170001126,20,12,6,6,6,6,1,3,5,3,0,3,3,74
7170001127,8,0,0,1,5,2,3,0,5,3,0,4,3,34
7170001128,16,8,5,6,6,1,3,4,4,0,0,3,3,59
7170001129,8,0,0,0,0,0,0,0,0,0,0,0,0,8
7170001130,14,6,5,2,6,0,6,5,5,0,0,4,3,56
7170001313,16,12,6,6,6,3,6,4,6,6,6,3,7,87
7170001133,20,12,6,6,6,6,6,6,6,6,4,7,3,94
7170001134,18,9,6,6,6,6,6,2,6,6,0,7,7,85
7170001135,12,8,6,4,6,4,5,2,4,1,0,3,3,58
7170001136,16,5,0,0,5,0,1,0,6,0,0,3,3,39
7170001137,20,9,6,6,6,5,3,6,6,3,0,0,7,77
7170001138,20,12,6,6,6,6,6,6,6,5,6,3,3,91
7170001139,20,11,6,6,6,6,5,6,6,6,0,4,7,89
7170001140,14,0,3,2,0,0,6,1,4,3,0,3,3,39
7170001414,8,7,6,6,6,0,6,0,4,3,0,7,3,56
7170001142,14,8,6,6,6,3,5,2,5,6,5,4,3,73
7171000101,18,12,6,3,6,6,6,6,6,6,5,7,7,94
7171000102,16,12,6,6,6,0,6,6,5,6,6,3,3,81
7171000104,18,12,6,4,5,6,6,5,6,6,6,7,3,90
7171000105,18,10,0,2,6,3,6,3,5,3,2,3,3,64
7171000106,8,8,0,6,6,1,6,0,0,0,0,7,3,45
7171000107,14,2,0,6,6,3,1,3,4,0,0,3,3,45
7171000108,12,0,0,0,0,0,0,0,0,0,0,3,3,18
7171000109,14,6,6,2,1,0,3,4,6,0,0,3,3,48
7171000110,8,4,0,2,2,1,3,0,4,0,0,7,3,34
7171000111,18,10,4,6,6,0,6,3,6,5,6,7,4,81
7171000112,12,6,6,6,5,1,1,0,0,0,0,3,0,40
7171000113,20,12,6,6,6,6,6,6,6,6,6,7,0,93
7171000114,14,4,2,6,5,4,6,2,3,0,0,3,0,49
7171000115,6,0,0,0,0,0,0,0,0,0,0,0,3,9
7171000116,20,10,6,6,6,6,6,5,6,6,6,7,7,97
7171000117,10,2,4,4,5,0,3,3,2,0,0,3,3,39
7171000118,16,12,6,0,6,0,5,3,6,0,0,5,3,62
7171000119,12,4,0,0,0,0,0,0,0,0,0,0,3,19
7171000120,14,6,6,4,6,2,6,5,2,2,0,3,3,59
7171000121,14,6,6,6,6,0,6,6,6,3,6,4,3,72
7171000122,4,0,0,0,0,0,0,0,0,0,0,0,0,4
7171000123,14,10,6,6,6,6,6,6,4,6,4,3,3,80
7171000124,18,10,6,6,0,0,6,3,5,3,0,7,3,67
7171000125,10,0,0,0,0,0,0,0,0,0,0,0,3,13
7171000126,16,10,6,6,6,5,6,6,5,5,6,7,5,89
7171000127,14,6,6,3,6,0,6,0,4,0,6,7,3,61
7171000128,10,6,6,6,6,3,6,6,6,5,6,7,7,80
7171000129,16,10,6,6,6,6,3,3,6,3,3,7,3,78
7171000130,18,12,6,6,6,5,6,6,6,6,6,7,7,97
7171000313,16,11,6,6,6,2,3,6,6,5,6,7,7,87
7171000132,18,10,6,6,6,4,6,6,6,6,5,7,6,92
7171000133,16,10,6,6,6,6,6,6,6,6,5,7,7,93
7171000134,14,6,6,6,6,0,0,0,0,0,0,3,3,44
7171000135,12,4,2,6,5,1,3,0,5,0,0,3,3,44
7171000136,10,6,6,4,6,4,6,6,6,2,1,7,3,67
7171000137,16,10,6,0,6,0,6,6,5,2,6,4,7,74
7171000138,6,0,0,0,0,0,0,0,0,0,0,0,0,6
7171000139,12,10,6,6,6,2,6,3,5,6,3,5,3,73
7171000140,14,12,6,6,6,0,3,3,6,3,6,7,7,79
7171000201,14,2,2,6,5,0,3,0,3,0,0,3,3,41
7171000202,8,10,6,4,6,2,4,0,3,2,3,3,3,54
7171000203,16,10,6,6,6,4,1,6,6,5,5,7,3,81
7171000205,12,8,6,6,6,1,5,4,5,5,6,4,3,71
7171000206,16,8,6,0,6,2,3,0,3,3,5,7,3,62
7171000207,18,12,4,6,6,4,3,6,6,6,6,7,7,91
7171000208,10,8,2,6,5,1,3,0,4,2,0,3,3,47
7171000210,10,8,6,5,6,0,3,1,5,5,0,3,3,55
7171000211,12,4,0,4,6,6,6,2,3,3,0,0,3,49
7171000212,14,6,2,4,5,1,6,3,5,0,0,3,0,49
7171000213,10,8,0,5,6,5,6,0,5,6,5,3,4,63
7171000214,10,4,6,0,1,0,0,0,0,0,0,7,3,31
7171000215,18,12,6,6,6,6,6,4,5,6,3,3,6,87
7171000216,14,8,2,4,4,0,6,6,5,6,5,4,3,67
7171000217,18,10,6,6,6,4,6,6,6,6,5,4,7,90
7171000218,14,10,3,6,0,1,6,3,6,6,6,3,3,67
7171000219,12,4,6,4,5,0,0,0,0,0,0,3,3,37
7171000220,12,6,6,5,6,1,5,1,5,2,0,3,3,55
7171000221,12,6,4,4,4,0,6,0,0,0,0,3,6,45
7171000222,14,6,6,5,6,3,6,6,5,5,6,3,3,74
7171000223,16,10,6,6,6,0,6,5,6,6,6,3,7,83
7171000224,12,10,3,0,6,3,2,3,6,0,6,3,3,57
7171000225,18,8,6,6,6,0,3,3,6,3,4,7,3,73
7171000226,12,8,4,4,6,2,2,0,3,2,0,3,0,46
7171000227,10,10,2,3,6,6,6,3,6,5,5,3,3,68
7171000228,6,2,6,0,1,0,0,0,0,0,0,0,3,18
7171000229,14,8,3,6,5,4,6,4,5,6,1,3,3,68
7171000230,18,12,6,5,6,2,6,6,6,4,6,4,7,88
7171000231,10,2,4,6,6,4,3,0,6,2,0,3,7,53
7171000232,6,2,0,0,0,0,0,0,0,0,0,3,3,14
7171000233,20,12,6,6,5,6,6,3,5,6,3,7,5,90
7171000234,18,12,5,6,6,4,3,4,6,6,6,7,4,87
7171000235,16,8,1,6,6,6,6,4,5,3,6,3,3,73
7171000236,12,12,2,4,6,1,6,6,6,6,6,3,0,70
7171000237,18,6,5,6,6,6,6,5,6,6,6,7,6,89
7171000238,8,10,3,2,6,1,6,1,2,2,0,5,3,49
7171000239,12,10,5,4,6,0,6,3,6,3,6,7,4,72
7171000240,8,0,5,5,6,0,3,0,3,0,0,0,3,33
7171000301,18,12,6,6,6,1,6,1,6,6,3,5,3,79
7171000302,18,12,4,0,5,1,3,1,0,0,0,3,0,47
7171000303,16,8,6,4,6,0,5,0,5,0,0,7,3,60
7171000304,18,6,6,4,4,0,2,0,0,0,0,3,0,43
7171000305,16,10,6,6,6,6,6,3,6,5,6,7,7,90
7171000306,10,10,6,4,4,0,6,4,5,4,6,5,3,67
7171000308,20,10,6,6,6,6,6,6,6,6,6,7,4,95
7171000309,12,2,4,6,5,3,1,3,5,2,2,3,3,51
7171000310,18,10,6,6,6,4,6,3,6,6,6,7,4,88
7171000311,20,10,6,6,6,6,6,6,6,6,5,7,3,93
7171000312,20,10,6,6,6,0,6,4,6,6,6,7,7,90
7171000313,8,6,0,6,6,1,1,1,4,2,0,3,3,41
7171000314,16,10,6,6,6,0,6,6,6,5,6,4,3,80
7171000315,18,6,5,1,6,6,6,0,6,3,2,3,3,65
7171000316,2,0,0,0,0,0,1,0,0,0,0,0,3,6
7171000317,14,10,3,3,6,2,6,3,6,0,2,5,3,63
7171000318,16,12,6,6,6,6,6,1,4,2,6,7,4,82
7171000319,10,10,6,6,6,6,6,6,6,0,6,7,3,78
7171000320,14,10,6,6,6,0,6,3,3,5,6,3,3,71
7171000321,14,10,6,4,6,0,6,6,6,6,6,7,7,84
7171000322,16,10,6,6,6,5,3,6,6,6,5,7,3,85
7171000323,10,0,4,4,1,0,1,0,0,0,0,4,3,27
7171000324,20,10,6,6,6,6,6,5,6,6,6,7,7,97
7171000325,12,8,4,4,6,0,6,0,6,0,6,0,4,56
7171000326,16,8,6,6,6,6,6,6,6,6,6,3,7,88
7171000327,20,12,6,6,6,6,6,6,6,4,6,7,7,98
7171000328,10,4,6,6,6,6,6,4,5,3,5,3,3,67
7171000329,16,12,4,4,6,6,6,6,6,6,6,7,4,89
7171000330,8,4,6,0,6,0,4,0,4,2,0,4,4,42
7171000331,4,0,0,0,0,0,0,0,0,0,0,3,0,7
7171000332,12,4,0,2,6,0,2,0,3,2,3,3,3,40
7171000333,12,2,0,4,6,0,3,0,4,0,0,3,3,37
7171000334,12,10,6,6,4,2,3,5,6,5,6,3,3,71
7171000335,8,11,6,6,6,2,3,5,6,0,6,3,3,65
7171000336,16,10,6,4,6,6,6,1,6,6,6,7,3,83
7171000337,18,12,6,4,6,6,6,5,6,3,6,7,3,88
7171000338,14,6,3,6,6,2,6,6,5,5,5,7,3,74
7171000339,18,10,6,0,6,6,6,5,6,6,6,7,7,89
7171000340,8,12,6,6,6,4,6,4,5,2,6,7,3,75
7171000401,12,6,3,4,5,1,3,2,3,1,0,3,3,46
7171000402,10,1,0,0,0,1,3,1,4,0,0,3,3,26
7171000403,6,4,4,0,0,0,5,0,0,0,0,3,3,25
7171000404,10,8,4,2,6,6,6,3,6,0,0,3,3,57
7171000405,10,5,6,0,5,2,2,0,0,1,0,0,7,38
7171000406,12,6,4,6,5,2,6,1,6,0,0,7,7,62
7171000407,6,3,0,0,3,1,2,0,0,0,0,3,3,21
7171000408,12,7,0,0,6,6,3,1,0,1,0,3,3,42
7171000409,16,8,6,6,6,0,3,0,4,0,0,7,3,59
7171000410,8,1,0,0,0,0,0,0,0,0,0,0,3,12
7171000412,20,3,0,0,0,1,0,0,0,0,0,3,3,30
7171000413,20,7,6,6,5,5,6,4,6,5,4,3,4,81
7171000415,12,4,0,2,3,0,1,3,0,0,0,3,3,31
7171000416,6,5,2,2,5,0,0,0,0,0,0,7,3,30
7171000417,16,10,0,0,6,3,5,0,3,0,0,5,3,51
7171000418,12,8,2,0,6,0,3,0,6,0,0,7,3,47
7171000419,12,12,3,0,6,3,0,0,0,0,0,3,3,42
7171000420,8,0,0,0,0,0,0,0,0,0,0,0,3,11
7171000421,10,9,0,0,0,0,0,0,0,1,0,0,3,23
7171000422,20,10,6,6,6,6,6,5,6,6,6,7,7,97
7171000423,20,12,6,2,6,2,6,4,3,6,0,3,3,73
7171000424,20,12,6,6,6,4,6,4,6,6,6,7,3,92
7171000426,20,8,0,6,5,6,6,1,6,3,0,7,3,71
7171000427,14,8,6,6,6,6,6,0,6,0,0,7,4,69
7171000428,14,12,6,6,6,3,6,5,6,3,5,3,3,78
7171000429,12,12,3,0,6,2,3,1,5,3,0,3,3,53
7171000430,12,4,3,6,6,4,5,0,4,0,0,5,3,52
7171000431,12,10,6,0,6,5,6,3,6,3,0,3,3,63
7171000432,18,6,0,0,3,4,3,0,3,2,0,3,3,45
7171000433,16,10,6,4,6,1,6,5,6,0,0,3,7,70
7171000434,14,8,2,0,4,0,0,0,0,0,0,7,3,38
7171000435,12,2,1,0,4,0,0,0,0,0,0,0,3,22
7171000437,8,5,6,0,0,2,1,0,0,0,0,3,3,28
7171000438,12,3,1,2,5,3,6,0,0,0,0,3,3,38
7171000439,8,3,3,0,2,2,0,0,0,0,0,3,3,24
7171000440,8,6,6,1,6,4,6,3,5,3,2,7,3,60
7171000501,14,12,4,6,6,6,3,6,4,6,2,7,3,79
7171000503,18,10,3,3,2,5,6,4,5,6,5,4,3,74
7171000504,10,6,2,0,6,0,0,0,0,0,0,3,3,30
7171000505,18,12,6,6,6,6,6,6,6,6,6,7,7,98
7171000506,18,5,6,6,6,6,6,0,6,0,0,3,7,69
7171000507,18,4,6,5,6,0,0,0,0,0,0,0,0,39
7171000508,16,6,6,5,6,1,3,1,3,0,0,3,4,54
7171000509,20,5,4,4,5,1,5,6,6,0,0,0,0,56
7171000510,20,12,6,6,6,5,6,6,6,6,5,7,7,98
7171000511,18,10,6,4,6,0,3,6,6,3,0,3,3,68
7171000512,16,12,6,2,6,6,6,6,6,6,2,4,3,81
7171000513,14,8,3,2,6,1,2,0,6,0,0,5,3,50
7171000514,4,0,0,0,0,0,0,0,0,0,0,0,3,7
7171000515,12,10,1,6,6,5,5,0,6,3,0,7,4,65
7171000517,16,10,6,5,6,6,6,5,6,6,6,7,6,91
7171000518,16,6,5,5,6,1,3,0,6,0,0,3,3,54
7171000519,14,7,4,6,5,3,3,3,6,6,0,3,3,63
7171000520,8,7,4,0,6,6,6,0,4,3,0,7,3,54
7171000521,16,8,1,6,5,3,3,6,6,3,2,3,3,65
7171000522,18,6,0,2,0,5,6,0,4,0,0,0,0,41
7171000524,12,6,0,0,0,0,6,0,6,0,0,7,3,40
7171000525,8,0,4,2,0,0,0,0,0,0,0,3,3,20
7171000526,8,4,0,2,5,2,6,0,4,0,0,3,3,37
7171000527,18,10,0,2,6,3,6,4,6,2,0,7,0,64
7171000528,8,4,0,2,6,0,4,0,4,0,0,3,3,34
7171000529,14,8,2,6,1,5,6,2,4,5,0,5,4,62
7171000530,16,8,1,6,5,1,5,1,4,0,3,3,3,56
7171000531,18,9,6,1,6,2,3,1,4,2,5,5,3,65
7171000532,16,8,6,6,0,6,6,4,5,1,2,3,0,63
7171000533,10,4,0,0,0,6,2,2,0,1,0,0,3,28
7171000534,14,10,1,6,5,5,6,5,6,0,6,0,3,67
7171000535,18,7,4,6,6,2,6,1,6,0,0,3,3,62
7171000536,20,10,4,0,6,2,3,3,5,5,5,4,3,70
7171000537,20,8,0,6,6,2,3,4,6,6,0,3,3,67
7171000538,20,12,6,4,6,6,6,6,6,6,6,7,7,98
7171000539,20,9,3,6,6,6,3,5,6,3,6,3,6,82
7171000540,20,10,6,0,6,5,3,5,6,0,0,3,3,67
7171000601,14,1,0,0,0,6,0,0,2,0,0,0,3,26
7171000602,14,11,0,6,0,0,0,0,0,0,0,0,3,34
7171000603,18,11,6,6,6,6,6,6,6,6,6,7,7,97
7171000604,12,8,6,5,0,0,3,1,3,3,0,0,3,44
7171000605,16,10,0,0,0,0,0,0,0,0,0,3,3,32
7171000606,12,9,4,5,0,2,3,3,5,0,0,5,3,51
7171000607,16,11,6,6,6,0,6,6,6,6,6,4,7,86
7171000608,14,6,6,6,6,0,6,6,0,5,6,0,0,61
7171000609,16,6,0,0,6,6,3,0,6,6,0,3,3,55
7171000610,14,7,2,6,5,6,3,2,6,5,0,3,3,62
7171000612,2,0,0,0,0,0,0,0,0,0,0,0,0,2
7171000613,18,10,6,0,0,6,2,6,6,6,5,7,3,75
7171000614,14,6,6,6,6,3,6,1,6,4,0,3,3,64
7171000615,10,8,6,6,5,6,6,0,6,5,6,5,5,74
7171000616,18,8,6,1,6,6,3,6,6,5,5,4,7,81
7171000618,18,3,3,0,0,0,0,0,0,0,0,3,3,30
7171000619,18,5,0,0,1,0,0,0,0,0,0,0,3,27
7171000620,20,5,6,6,5,6,6,6,3,0,0,3,3,69
7171000621,10,5,2,0,6,1,5,5,4,3,0,5,3,49
7171000622,12,4,1,0,6,3,0,0,0,0,0,4,3,33
7171000623,16,6,0,0,4,0,0,0,0,0,0,0,3,29
7171000624,12,8,6,5,0,6,6,3,5,6,0,5,7,69
7171000625,14,5,4,0,6,6,2,1,0,0,0,3,3,44
7171000626,8,5,4,0,6,2,5,4,4,0,0,3,3,44
7171000627,18,5,0,0,0,0,0,0,0,0,0,0,3,26
7171000628,8,0,0,0,0,0,0,0,0,0,0,0,3,11
7171000629,18,10,4,6,6,6,6,6,6,6,5,7,3,89
7171000630,12,5,6,0,6,0,1,0,0,0,0,3,3,36
7171000631,18,12,6,6,6,6,3,6,6,6,4,4,7,90
7171000632,16,10,4,6,6,6,6,6,6,0,0,3,3,72
7171000633,0,0,0,0,0,0,0,0,0,0,0,0,0,0
7171000634,12,6,0,3,3,6,6,1,3,1,0,3,3,47
7171000635,12,9,4,6,6,5,6,4,6,6,0,3,3,70
7171000636,20,10,6,6,6,6,6,6,6,6,6,7,3,94
7171000637,10,0,0,0,1,0,5,0,3,0,0,0,0,19
7171000638,10,4,0,0,6,0,2,0,5,3,0,3,3,36
7171000639,20,12,6,6,6,6,4,5,6,6,6,7,7,97
7171000640,20,10,0,0,0,2,3,0,4,0,0,0,3,42
7171000701,20,6,4,6,6,0,6,4,6,6,6,7,3,80
7171000702,12,0,4,6,4,6,6,0,5,2,0,3,3,51
7171000704,8,0,0,0,2,0,1,3,0,0,0,0,3,17
7171000705,16,6,6,3,3,0,3,1,4,3,0,4,3,52
7171000706,14,8,4,6,6,1,6,0,6,1,0,7,4,63
7171000707,20,12,6,6,6,6,6,3,6,6,6,7,7,97
7171000708,20,12,4,6,6,6,6,6,6,6,6,3,7,94
7171000709,18,8,6,6,6,6,6,4,6,6,3,7,6,88
7171000710,16,10,0,0,4,3,0,0,0,4,0,7,3,47
7171000711,16,8,6,6,0,6,3,5,5,6,0,7,3,71
7171000712,16,0,0,0,2,3,6,3,0,0,0,3,3,36
7171000713,18,12,6,6,6,3,6,6,6,6,6,7,3,91
7171000714,16,8,6,6,6,1,4,0,5,0,0,7,4,63
7171000715,12,4,6,6,3,4,6,5,5,6,3,0,3,63
7171000716,20,8,6,6,6,6,6,4,6,6,0,7,7,88
7171000717,16,8,2,6,6,4,6,1,6,3,0,7,7,72
7171000718,18,6,1,6,4,6,3,2,6,5,0,3,3,63
7171000719,18,8,6,5,6,2,6,5,6,5,5,3,3,78
7171000720,14,10,6,6,6,5,6,2,6,5,6,5,6,83
7171000721,18,4,4,4,4,6,6,5,3,3,5,0,7,69
7171000722,16,2,0,0,4,6,0,0,3,0,0,3,3,37
7171000723,18,8,6,6,6,6,6,3,3,5,5,3,4,79
7171000724,16,10,0,6,4,6,6,3,6,6,6,3,7,79
7171000725,16,4,6,0,4,6,1,0,0,6,0,4,3,50
7171000726,20,10,6,6,6,6,6,6,6,6,6,7,7,98
7171000727,12,6,0,5,6,0,6,3,5,3,2,3,3,54
7171000728,18,8,3,4,4,4,3,6,6,6,4,7,7,80
7171000729,18,12,4,6,6,6,6,6,6,6,6,7,7,96
7171000730,14,8,3,6,6,6,3,2,4,5,5,3,3,68
7171000731,18,8,6,0,5,4,6,4,6,4,5,0,3,69
7171000732,14,6,0,0,4,0,3,0,3,3,5,5,4,47
7171000733,16,6,0,0,4,0,0,0,3,2,0,0,3,34
7171000734,14,8,0,6,6,6,3,0,3,0,0,7,7,60
7171000735,14,4,0,0,6,3,6,4,6,0,0,7,3,53
7171000736,16,6,4,6,6,6,3,1,6,5,0,3,3,65
7171000737,18,10,6,6,6,6,6,6,6,5,3,5,7,90
7171000738,16,6,4,6,6,5,3,4,6,3,3,7,3,72
7171000739,14,6,2,6,0,6,6,6,4,3,2,3,3,61
7171000740,16,10,6,6,6,6,4,3,6,3,0,4,3,73
7171000801,8,6,1,6,6,0,2,0,3,0,0,3,3,38
7171000803,4,0,0,0,0,0,0,0,0,0,0,0,3,7
7171000804,16,2,1,6,6,6,6,6,0,5,6,3,3,66
7171000805,18,12,6,6,6,4,6,6,6,6,6,3,7,92
7171000807,14,6,6,6,6,2,3,3,5,3,0,7,3,64
7171000808,16,10,1,6,6,1,3,0,6,0,0,3,3,55
7171000809,12,0,0,0,0,0,0,0,0,0,0,3,3,18
7171000810,16,10,6,6,6,6,6,6,6,5,4,7,7,91
7171000811,12,2,6,0,1,0,6,0,6,5,0,3,3,44
7171000812,16,10,6,4,6,3,3,5,6,6,4,3,3,75
7171000813,18,8,6,6,6,6,0,6,6,6,3,3,3,77
7171000814,18,6,3,6,6,4,6,3,6,6,2,7,7,80
7171000816,18,8,6,6,6,4,6,6,6,6,0,3,4,79
7171000817,18,10,6,6,6,0,6,1,6,6,0,7,7,79
7171000818,16,8,3,6,5,2,3,3,6,3,4,3,7,69
7171000819,12,6,6,0,4,4,3,6,6,3,0,7,3,60
7171000820,16,0,0,6,0,0,6,0,5,5,0,0,3,41
7171000821,18,10,6,6,6,6,6,6,6,6,6,7,7,96
7171000822,20,10,6,6,6,6,6,6,6,6,6,7,7,98
7171000823,16,6,6,6,6,3,6,6,4,5,4,3,7,78
7171000824,20,8,5,6,6,5,6,6,6,6,6,5,7,92
7171000825,14,2,0,1,4,0,0,0,0,0,0,4,3,28
7171000826,18,4,1,0,4,6,6,4,4,3,0,7,3,60
7171000827,14,2,4,2,1,6,6,4,6,0,3,3,3,54
7171000828,14,8,2,4,6,0,6,6,6,3,0,4,3,62
7171000829,20,12,4,6,6,6,6,6,6,5,6,7,7,97
7171000830,18,6,2,0,5,0,6,4,6,0,0,3,3,53
7171000831,14,10,2,6,6,4,6,6,6,0,6,5,4,75
7171000832,16,10,6,6,6,6,6,5,2,6,5,3,7,84
7171000833,18,12,6,6,6,6,6,6,6,6,6,7,7,98
7171000834,12,8,6,4,6,6,4,5,6,5,5,7,3,77
7171000835,20,10,2,4,6,6,1,3,5,6,6,3,3,75
7171000836,20,10,4,6,6,6,6,6,6,6,6,7,7,96
7171000838,14,4,6,6,6,1,0,0,2,0,0,3,3,45
7171000839,20,8,6,6,6,6,6,6,6,6,6,7,7,96
7171000840,16,8,1,6,6,6,5,0,6,3,0,3,4,64
7171000901,16,8,6,6,6,6,3,6,6,6,6,7,3,85
7171000902,14,4,4,6,6,6,6,6,6,6,6,7,7,84
7171000903,16,10,3,3,4,6,6,6,6,2,0,3,3,68
7171000904,18,12,5,6,6,6,6,6,6,6,6,7,4,94
7171000905,2,0,0,0,0,0,0,0,0,0,0,0,0,2
7171000906,14,0,0,0,0,0,0,0,0,0,0,3,3,20
7171000907,14,12,5,6,6,6,2,6,5,3,6,4,3,78
7171000908,4,4,4,0,6,0,0,0,4,0,0,3,3,28
7171000909,20,10,2,0,6,6,3,6,6,6,6,7,3,81
7171000910,20,12,6,6,6,6,6,6,6,3,3,7,7,94
7171000911,20,8,6,6,6,6,6,6,6,5,6,7,7,95
7171000912,16,8,6,6,6,4,6,6,6,3,0,7,7,81
7171000913,20,12,6,6,6,6,3,6,6,6,0,7,7,91
7171000914,20,8,6,3,6,1,3,0,6,6,3,5,3,70
7171000915,16,10,6,4,6,6,6,5,6,6,6,7,3,87
7171000916,14,8,2,0,5,0,3,0,6,3,6,3,3,53
7171000917,20,8,2,6,5,0,3,1,5,3,6,3,3,65
7171000918,12,0,0,0,0,0,2,0,0,0,0,3,0,17
7171000919,14,12,1,6,6,0,6,1,5,3,0,3,3,60
7171000920,18,4,6,6,6,1,3,1,6,5,0,3,3,62
7171000921,20,6,4,6,6,6,6,6,6,6,6,7,7,92
7171000922,14,10,6,6,6,4,0,0,3,2,6,4,4,65
7171000923,18,12,6,6,6,1,6,6,6,6,6,7,7,93
7171000924,18,8,3,0,5,6,4,3,6,5,5,3,3,69
7171000925,18,12,6,6,6,6,6,6,6,6,6,7,4,95
7171000926,16,10,5,6,6,6,4,0,6,0,0,7,7,73
7171000927,18,4,6,0,5,3,3,1,0,0,0,4,3,47
7171000928,16,6,6,5,6,5,6,5,6,1,2,3,3,70
7171000929,18,8,5,4,6,6,3,0,5,6,3,3,3,70
7171000930,20,8,6,6,5,0,6,3,6,6,6,7,7,86
7171000931,16,8,6,6,6,5,6,3,6,4,1,7,7,81
7171000932,18,6,4,6,4,4,2,3,4,4,0,3,4,62
7171000933,16,10,6,5,6,6,6,5,6,6,6,6,3,87
7171000934,16,8,5,0,5,0,0,0,4,3,0,0,3,44
7171000935,18,6,4,6,6,0,6,0,3,2,0,3,3,57
7171000936,16,4,6,6,6,6,6,3,6,6,2,3,3,73
7171000937,14,10,5,6,5,3,3,6,5,2,6,3,3,71
7171000938,16,8,5,6,6,1,6,6,6,2,0,7,3,72
7171000939,12,8,6,0,6,6,5,6,6,0,0,3,3,61
7171001001,10,2,0,0,0,0,0,0,0,0,0,0,0,12
7171001002,16,4,6,6,6,6,6,3,6,3,0,7,3,72
7171001003,16,11,5,6,6,6,6,5,6,6,4,6,7,90
7171001004,18,12,5,4,6,1,6,5,5,5,0,3,0,70
7171001005,20,12,5,6,5,6,3,6,5,5,6,7,3,89
7171001006,16,12,6,2,6,2,2,6,6,6,6,4,3,77
7171001007,8,2,1,0,5,0,0,0,0,0,0,4,0,20
7171001008,16,9,6,6,6,0,5,4,6,3,0,7,4,72
7171001009,16,9,6,6,6,6,6,4,6,6,5,7,7,90
7171001010,18,10,6,5,6,6,6,6,6,6,5,3,3,86
7171001011,10,1,0,0,1,0,1,0,0,0,0,0,3,16
7171001013,20,12,6,6,6,6,6,5,6,6,3,3,7,92
7171001014,14,8,6,6,5,6,3,2,4,5,0,3,4,66
7171001015,0,0,0,0,0,0,0,0,0,0,0,0,0,0
7171001016,0,0,0,0,0,0,0,0,0,0,0,0,0,0
7171001017,18,9,5,0,6,0,6,3,6,6,5,3,3,70
7171001018,10,10,6,6,6,5,6,1,4,6,0,7,7,74
7171001019,16,12,6,6,6,6,6,6,6,6,6,7,7,96
7171001020,18,12,6,6,6,6,6,6,6,5,4,7,7,95
7171001021,14,11,5,4,6,6,3,6,6,0,0,7,4,72
7171001022,20,12,6,6,6,6,6,6,6,5,4,7,4,94
7171001023,20,10,6,6,6,5,6,6,6,5,6,4,4,90
7171001024,12,4,6,6,6,0,5,3,3,0,0,3,3,51
7171001025,20,12,6,6,6,0,6,3,6,5,5,7,3,85
7171001026,8,0,0,0,0,0,5,1,2,0,0,0,3,19
7171001027,20,12,6,6,6,5,6,4,6,5,4,7,3,90
7171001028,20,12,6,6,6,6,6,6,6,6,6,7,7,100
7171001029,16,12,6,6,6,5,6,6,6,5,5,3,3,85
7171001030,16,8,0,0,5,0,2,3,6,0,5,5,3,53
7171001031,18,12,6,6,6,6,3,2,6,6,6,7,3,87
7171001032,14,12,6,6,6,6,6,4,6,5,6,7,7,91
7171001033,18,11,6,6,6,6,6,5,6,5,6,7,3,91
7171001034,8,7,6,5,6,1,3,2,5,3,2,3,3,54
7171001035,18,11,6,5,6,6,6,5,2,6,2,5,7,85
7171001036,18,7,6,6,6,6,6,4,6,0,6,7,7,85
7171001037,18,12,6,6,6,0,6,6,6,6,6,7,7,92
7171001038,20,12,6,6,6,5,6,6,5,5,5,3,6,91
7171001039,20,12,6,6,6,6,6,6,5,5,6,7,3,94
7171031101,8,0,2,0,0,0,0,0,0,0,0,0,0,10
7171031102,8,8,6,5,6,4,2,4,0,0,0,3,3,49
7171031103,12,2,5,6,5,1,0,0,5,2,4,4,4,50
7171031104,16,10,5,6,6,5,3,3,6,3,6,7,7,83
7171031105,16,12,6,4,6,6,6,6,4,5,6,7,3,87
7171031106,18,8,2,6,6,0,6,6,2,1,6,3,3,67
7171031107,16,8,6,3,5,2,1,0,6,0,0,7,3,57
7171031108,14,10,6,4,6,2,3,3,5,0,6,7,3,69
7171031109,16,8,6,6,6,1,4,5,6,5,4,3,3,73
7171031110,16,10,6,6,6,6,6,6,6,5,6,3,3,85
7171031111,10,4,4,4,5,1,2,0,3,0,0,3,3,39
7171031112,6,6,5,6,6,2,3,2,5,3,2,0,7,53
7171031113,18,10,5,6,6,6,5,5,6,6,6,7,7,93
7171031114,18,8,4,6,6,5,6,5,5,0,6,5,6,80
7171031115,16,10,6,5,6,6,6,3,6,4,5,7,7,87
7171031116,18,10,6,4,6,6,6,6,6,6,6,7,7,94
7171031117,16,4,6,4,6,0,0,0,0,0,0,7,4,47
7171031118,6,6,6,6,5,5,6,6,5,5,0,0,0,56
7171031119,16,10,4,4,5,0,3,4,4,2,4,5,3,64
7171031120,16,10,6,3,6,6,5,5,5,2,5,5,3,77
7171031121,14,8,6,5,6,6,4,6,6,6,3,7,4,81
7171031122,20,6,3,5,4,0,3,1,6,0,0,3,3,54
7171031123,12,8,5,0,6,6,5,3,5,1,5,3,3,62
7171031124,18,10,6,6,6,4,5,6,6,0,6,7,7,87
7171031125,16,6,4,5,6,3,6,1,4,5,5,4,3,68
7171031127,18,2,2,1,5,0,4,0,0,0,0,0,3,35
7171031128,16,10,5,6,6,6,6,4,6,6,5,7,3,86
7171031129,8,0,6,6,6,3,3,0,2,0,0,4,3,41
7171031130,14,8,5,4,6,0,6,2,6,2,6,3,3,65
7171031313,14,12,6,6,5,6,6,3,6,1,6,3,3,77
7171031132,18,10,6,6,6,4,6,6,6,6,6,7,7,94
7171031133,18,8,6,6,6,0,2,0,6,6,6,7,4,75
7171031134,12,10,4,0,6,4,5,3,6,3,5,7,3,68
7171031135,12,6,6,6,6,0,6,2,6,3,0,3,4,60
7171031137,12,12,6,6,6,6,6,6,6,6,6,7,3,88
7171031138,16,10,6,6,6,2,3,6,6,0,5,3,3,72
7171031139,8,10,4,2,6,0,2,2,5,2,0,3,3,47
7171031140,12,8,6,6,6,0,3,4,6,3,6,7,3,70
7171031201,16,10,6,6,6,3,3,5,6,5,6,7,3,82
7171031202,16,10,6,6,6,4,3,2,3,2,1,7,3,69
7171031203,20,9,5,4,6,6,6,6,6,2,1,3,3,77
7171031204,12,6,4,6,5,6,6,3,5,2,2,4,4,65
7171031205,12,8,2,3,6,3,6,0,5,0,0,3,3,51
7171031206,16,6,4,0,6,1,4,6,5,3,6,3,4,64
7171031207,14,2,5,2,6,6,5,0,4,0,6,3,3,56
7171031208,20,10,6,6,5,6,6,6,6,3,6,7,3,90
7171031209,12,12,6,6,6,0,6,3,5,6,2,7,4,75
7171031210,14,10,6,6,6,6,3,4,6,6,6,7,3,83
7171031211,8,10,6,6,6,1,1,4,6,2,6,7,0,63
7171031212,8,12,6,6,6,4,6,6,5,5,6,3,5,78
7171031213,12,10,6,6,6,2,2,6,4,0,6,4,3,67
7171031214,16,10,6,2,6,6,6,2,6,6,6,3,3,78
7171031215,12,10,6,0,6,0,2,0,5,3,0,3,3,50
7171031216,10,8,6,6,6,1,6,3,5,6,6,3,4,70
7171031217,6,6,4,2,5,0,3,0,5,0,0,4,3,38
7171031218,14,8,5,5,6,0,2,3,5,1,6,3,7,65
7171031219,10,7,2,4,6,6,6,3,5,2,5,3,3,62
7171031220,12,6,6,6,6,0,6,6,6,6,6,3,3,72
7171031221,0,0,0,0,0,0,0,0,0,0,0,0,0,0
7171031222,16,12,6,6,6,6,6,6,6,6,6,7,7,96
7171031223,10,10,6,6,6,0,4,0,5,6,3,7,3,66
7171031224,10,4,0,0,5,1,3,0,3,0,0,0,3,29
7171031225,18,10,6,6,6,4,6,6,6,6,6,3,7,90
7171031226,14,0,0,0,5,0,0,0,0,0,0,0,3,22
7171031227,14,6,6,4,6,2,5,2,2,6,5,5,3,66
7171031228,14,8,6,0,6,0,6,0,5,1,5,4,3,58
7171031230,8,6,6,0,6,3,0,0,0,0,0,3,0,32
7171031231,16,4,6,1,5,0,1,0,0,0,0,3,3,39
7171031232,14,6,6,4,5,6,5,3,6,0,0,5,3,63
7171031233,10,4,6,6,6,1,4,2,6,1,0,3,3,52
7171031234,8,6,0,0,5,0,3,3,4,0,0,0,3,32
7171031235,8,4,2,0,3,4,4,3,0,0,0,3,3,34
7171031236,10,2,6,6,0,6,2,3,2,5,6,0,3,51
7171031237,12,12,4,6,6,1,6,3,5,3,3,7,6,74
7171031238,16,10,6,6,6,0,2,6,6,6,3,7,4,78
7171031239,18,8,6,6,6,6,6,6,6,6,6,7,7,94
7171031240,18,8,6,6,6,1,2,3,6,6,5,7,7,81
7171441101,16,12,6,6,6,6,6,6,6,0,6,7,7,90
7171441102,16,10,5,5,6,6,5,0,3,0,0,3,0,59
7171441103,18,12,6,6,6,6,6,4,5,6,5,3,4,87
7171441104,16,8,3,6,6,4,4,3,4,0,0,4,4,62
7171441105,14,12,6,6,5,6,3,4,5,6,5,3,3,78
7171441106,16,12,6,6,6,6,6,6,6,1,1,3,4,79
7171441107,20,12,6,6,5,6,6,6,6,6,3,5,7,94
7171441108,14,5,0,0,0,6,3,3,5,3,1,3,3,46
7171441109,8,0,4,2,5,5,2,0,1,0,0,0,0,27
7171441110,20,12,6,6,6,6,6,6,6,6,5,7,7,99
7171441111,8,2,0,0,0,3,6,0,3,0,0,0,3,25
7171441112,12,6,4,4,6,2,6,4,2,0,0,0,3,49
7171441113,12,7,6,4,5,3,6,4,6,6,5,4,3,71
7171441114,12,9,6,4,0,0,5,0,5,0,0,0,3,44
7171441115,14,4,0,0,0,0,0,0,0,0,0,0,0,18
7171441116,14,11,6,1,6,6,6,6,6,6,5,0,3,76
7171441117,14,9,6,5,6,6,6,3,6,0,0,3,3,67
7171441118,16,4,6,0,6,0,0,0,0,0,0,3,3,38
7171441119,16,10,6,6,6,6,6,6,6,6,4,7,7,92
7171441120,18,8,5,6,6,6,6,0,3,2,5,3,3,71
7171441121,16,11,2,0,6,5,6,4,6,6,5,4,3,74
7171441122,18,12,6,6,6,6,6,6,5,6,5,7,3,92
7171441123,6,0,0,0,0,0,0,0,0,0,0,3,3,12
7171441124,4,8,5,0,0,1,2,0,0,0,0,5,3,28
7171441125,16,10,6,6,6,6,6,3,6,2,0,7,4,78
7171441126,20,12,6,6,6,6,6,6,6,6,3,7,7,97
7171441127,20,10,6,5,6,6,3,5,6,3,0,3,3,76
7171441128,14,11,5,6,6,6,6,0,5,3,2,7,4,75
7171441129,20,12,6,6,6,6,6,6,6,6,6,7,7,100
7171441130,14,7,2,2,6,6,4,5,6,6,0,7,4,69
1751000802,16,6,0,0,0,6,4,6,6,5,6,7,0,62
1751000901,16,8,5,0,0,6,6,5,5,5,6,7,0,69
1751001002,16,9,2,0,4,6,6,6,0,4,6,7,0,66
